[
    {
        "model": "admin.logentry",
        "pk": 1,
        "fields": {
            "action_time": "2025-08-01T10:13:35.113Z",
            "user": 1,
            "content_type": 7,
            "object_id": "1",
            "object_repr": "sport",
            "action_flag": 1,
            "change_message": "[{\"added\": {}}]"
        }
    },
    {
        "model": "admin.logentry",
        "pk": 2,
        "fields": {
            "action_time": "2025-08-01T10:13:44.026Z",
            "user": 1,
            "content_type": 8,
            "object_id": "1",
            "object_repr": "silver",
            "action_flag": 1,
            "change_message": "[{\"added\": {}}]"
        }
    },
    {
        "model": "admin.logentry",
        "pk": 3,
        "fields": {
            "action_time": "2025-08-01T10:13:51.203Z",
            "user": 1,
            "content_type": 9,
            "object_id": "1",
            "object_repr": "37.5",
            "action_flag": 1,
            "change_message": "[{\"added\": {}}]"
        }
    },
    {
        "model": "admin.logentry",
        "pk": 4,
        "fields": {
            "action_time": "2025-08-01T10:15:30.366Z",
            "user": 1,
            "content_type": 10,
            "object_id": "1",
            "object_repr": "530",
            "action_flag": 1,
            "change_message": "[{\"added\": {}}]"
        }
    },
    {
        "model": "admin.logentry",
        "pk": 5,
        "fields": {
            "action_time": "2025-08-05T16:45:03.054Z",
            "user": 1,
            "content_type": 7,
            "object_id": "2",
            "object_repr": "street",
            "action_flag": 1,
            "change_message": "[{\"added\": {}}]"
        }
    },
    {
        "model": "admin.logentry",
        "pk": 6,
        "fields": {
            "action_time": "2025-08-05T16:45:11.036Z",
            "user": 1,
            "content_type": 7,
            "object_id": "3",
            "object_repr": "casual",
            "action_flag": 1,
            "change_message": "[{\"added\": {}}]"
        }
    },
    {
        "model": "admin.logentry",
        "pk": 7,
        "fields": {
            "action_time": "2025-08-05T16:45:37.685Z",
            "user": 1,
            "content_type": 7,
            "object_id": "4",
            "object_repr": "official",
            "action_flag": 1,
            "change_message": "[{\"added\": {}}]"
        }
    },
    {
        "model": "admin.logentry",
        "pk": 8,
        "fields": {
            "action_time": "2025-08-10T17:50:52.898Z",
            "user": 1,
            "content_type": 8,
            "object_id": "2",
            "object_repr": "gray",
            "action_flag": 1,
            "change_message": "[{\"added\": {}}]"
        }
    },
    {
        "model": "admin.logentry",
        "pk": 9,
        "fields": {
            "action_time": "2025-08-10T17:51:38.144Z",
            "user": 1,
            "content_type": 10,
            "object_id": "2",
            "object_repr": "9060",
            "action_flag": 1,
            "change_message": "[{\"added\": {}}]"
        }
    },
    {
        "model": "admin.logentry",
        "pk": 10,
        "fields": {
            "action_time": "2025-08-10T17:52:03.442Z",
            "user": 1,
            "content_type": 11,
            "object_id": "1",
            "object_repr": "SneakerSize object (1)",
            "action_flag": 1,
            "change_message": "[{\"added\": {}}]"
        }
    },
    {
        "model": "admin.logentry",
        "pk": 11,
        "fields": {
            "action_time": "2025-08-27T12:44:02.228Z",
            "user": 1,
            "content_type": 10,
            "object_id": "3",
            "object_repr": "Wave Rider",
            "action_flag": 1,
            "change_message": "[{\"added\": {}}]"
        }
    },
    {
        "model": "admin.logentry",
        "pk": 12,
        "fields": {
            "action_time": "2025-08-27T12:44:28.090Z",
            "user": 1,
            "content_type": 8,
            "object_id": "3",
            "object_repr": "beige",
            "action_flag": 1,
            "change_message": "[{\"added\": {}}]"
        }
    },
    {
        "model": "admin.logentry",
        "pk": 13,
        "fields": {
            "action_time": "2025-08-27T12:44:41.987Z",
            "user": 1,
            "content_type": 10,
            "object_id": "3",
            "object_repr": "Wave Rider",
            "action_flag": 2,
            "change_message": "[{\"changed\": {\"fields\": [\"Color\"]}}]"
        }
    },
    {
        "model": "admin.logentry",
        "pk": 14,
        "fields": {
            "action_time": "2025-08-27T12:45:03.411Z",
            "user": 1,
            "content_type": 11,
            "object_id": "2",
            "object_repr": "SneakerSize object (2)",
            "action_flag": 1,
            "change_message": "[{\"added\": {}}]"
        }
    },
    {
        "model": "admin.logentry",
        "pk": 15,
        "fields": {
            "action_time": "2025-08-27T12:49:09.894Z",
            "user": 1,
            "content_type": 10,
            "object_id": "4",
            "object_repr": "f",
            "action_flag": 1,
            "change_message": "[{\"added\": {}}]"
        }
    },
    {
        "model": "admin.logentry",
        "pk": 16,
        "fields": {
            "action_time": "2025-08-27T12:49:27.833Z",
            "user": 1,
            "content_type": 10,
            "object_id": "4",
            "object_repr": "f",
            "action_flag": 3,
            "change_message": ""
        }
    },
    {
        "model": "admin.logentry",
        "pk": 17,
        "fields": {
            "action_time": "2025-08-27T14:00:30.897Z",
            "user": 1,
            "content_type": 10,
            "object_id": "5",
            "object_repr": "Gel-kayano",
            "action_flag": 1,
            "change_message": "[{\"added\": {}}]"
        }
    },
    {
        "model": "admin.logentry",
        "pk": 18,
        "fields": {
            "action_time": "2025-08-27T15:04:07.653Z",
            "user": 1,
            "content_type": 9,
            "object_id": "2",
            "object_repr": "35",
            "action_flag": 1,
            "change_message": "[{\"added\": {}}]"
        }
    },
    {
        "model": "admin.logentry",
        "pk": 19,
        "fields": {
            "action_time": "2025-08-27T15:04:10.832Z",
            "user": 1,
            "content_type": 9,
            "object_id": "3",
            "object_repr": "38",
            "action_flag": 1,
            "change_message": "[{\"added\": {}}]"
        }
    },
    {
        "model": "admin.logentry",
        "pk": 20,
        "fields": {
            "action_time": "2025-08-27T15:04:13.406Z",
            "user": 1,
            "content_type": 9,
            "object_id": "4",
            "object_repr": "39",
            "action_flag": 1,
            "change_message": "[{\"added\": {}}]"
        }
    },
    {
        "model": "admin.logentry",
        "pk": 21,
        "fields": {
            "action_time": "2025-08-27T15:04:34.679Z",
            "user": 1,
            "content_type": 11,
            "object_id": "3",
            "object_repr": "SneakerSize object (3)",
            "action_flag": 1,
            "change_message": "[{\"added\": {}}]"
        }
    },
    {
        "model": "admin.logentry",
        "pk": 22,
        "fields": {
            "action_time": "2025-08-27T15:04:40.266Z",
            "user": 1,
            "content_type": 11,
            "object_id": "4",
            "object_repr": "SneakerSize object (4)",
            "action_flag": 1,
            "change_message": "[{\"added\": {}}]"
        }
    },
    {
        "model": "admin.logentry",
        "pk": 23,
        "fields": {
            "action_time": "2025-08-27T15:31:53.906Z",
            "user": 1,
            "content_type": 11,
            "object_id": "5",
            "object_repr": "SneakerSize object (5)",
            "action_flag": 1,
            "change_message": "[{\"added\": {}}]"
        }
    },
    {
        "model": "admin.logentry",
        "pk": 24,
        "fields": {
            "action_time": "2025-08-27T15:43:32.163Z",
            "user": 1,
            "content_type": 11,
            "object_id": "6",
            "object_repr": "SneakerSize object (6)",
            "action_flag": 1,
            "change_message": "[{\"added\": {}}]"
        }
    },
    {
        "model": "admin.logentry",
        "pk": 25,
        "fields": {
            "action_time": "2025-09-03T12:00:18.502Z",
            "user": 1,
            "content_type": 10,
            "object_id": "6",
            "object_repr": "Dunk Low",
            "action_flag": 1,
            "change_message": "[{\"added\": {}}]"
        }
    },
    {
        "model": "admin.logentry",
        "pk": 26,
        "fields": {
            "action_time": "2025-09-03T12:11:50.973Z",
            "user": 1,
            "content_type": 10,
            "object_id": "7",
            "object_repr": "1906R",
            "action_flag": 1,
            "change_message": "[{\"added\": {}}]"
        }
    },
    {
        "model": "admin.logentry",
        "pk": 27,
        "fields": {
            "action_time": "2025-09-03T12:12:16.141Z",
            "user": 1,
            "content_type": 10,
            "object_id": "6",
            "object_repr": "Dunk Low",
            "action_flag": 3,
            "change_message": ""
        }
    },
    {
        "model": "admin.logentry",
        "pk": 28,
        "fields": {
            "action_time": "2025-09-03T12:12:16.141Z",
            "user": 1,
            "content_type": 10,
            "object_id": "5",
            "object_repr": "Gel-kayano",
            "action_flag": 3,
            "change_message": ""
        }
    },
    {
        "model": "admin.logentry",
        "pk": 29,
        "fields": {
            "action_time": "2025-09-03T12:12:16.141Z",
            "user": 1,
            "content_type": 10,
            "object_id": "3",
            "object_repr": "Wave Rider",
            "action_flag": 3,
            "change_message": ""
        }
    },
    {
        "model": "admin.logentry",
        "pk": 30,
        "fields": {
            "action_time": "2025-09-03T12:12:16.141Z",
            "user": 1,
            "content_type": 10,
            "object_id": "1",
            "object_repr": "530",
            "action_flag": 3,
            "change_message": ""
        }
    },
    {
        "model": "admin.logentry",
        "pk": 31,
        "fields": {
            "action_time": "2025-09-03T12:18:31.913Z",
            "user": 1,
            "content_type": 10,
            "object_id": "2",
            "object_repr": "9060",
            "action_flag": 3,
            "change_message": ""
        }
    },
    {
        "model": "admin.logentry",
        "pk": 32,
        "fields": {
            "action_time": "2025-09-03T12:20:12.863Z",
            "user": 1,
            "content_type": 10,
            "object_id": "8",
            "object_repr": "Hedgehog 06",
            "action_flag": 1,
            "change_message": "[{\"added\": {}}]"
        }
    },
    {
        "model": "admin.logentry",
        "pk": 33,
        "fields": {
            "action_time": "2025-09-07T10:58:45.348Z",
            "user": 1,
            "content_type": 11,
            "object_id": "7",
            "object_repr": "SneakerSize object (7)",
            "action_flag": 1,
            "change_message": "[{\"added\": {}}]"
        }
    },
    {
        "model": "admin.logentry",
        "pk": 34,
        "fields": {
            "action_time": "2025-09-07T10:58:52.187Z",
            "user": 1,
            "content_type": 11,
            "object_id": "8",
            "object_repr": "SneakerSize object (8)",
            "action_flag": 1,
            "change_message": "[{\"added\": {}}]"
        }
    },
    {
        "model": "admin.logentry",
        "pk": 35,
        "fields": {
            "action_time": "2025-09-07T10:59:02.716Z",
            "user": 1,
            "content_type": 11,
            "object_id": "9",
            "object_repr": "SneakerSize object (9)",
            "action_flag": 1,
            "change_message": "[{\"added\": {}}]"
        }
    },
    {
        "model": "admin.logentry",
        "pk": 36,
        "fields": {
            "action_time": "2025-09-07T10:59:09.022Z",
            "user": 1,
            "content_type": 11,
            "object_id": "10",
            "object_repr": "SneakerSize object (10)",
            "action_flag": 1,
            "change_message": "[{\"added\": {}}]"
        }
    },
    {
        "model": "admin.logentry",
        "pk": 37,
        "fields": {
            "action_time": "2025-09-07T10:59:17.781Z",
            "user": 1,
            "content_type": 11,
            "object_id": "11",
            "object_repr": "SneakerSize object (11)",
            "action_flag": 1,
            "change_message": "[{\"added\": {}}]"
        }
    },
    {
        "model": "admin.logentry",
        "pk": 38,
        "fields": {
            "action_time": "2025-09-07T10:59:22.711Z",
            "user": 1,
            "content_type": 11,
            "object_id": "12",
            "object_repr": "SneakerSize object (12)",
            "action_flag": 1,
            "change_message": "[{\"added\": {}}]"
        }
    },
    {
        "model": "admin.logentry",
        "pk": 39,
        "fields": {
            "action_time": "2025-09-13T10:00:30.479Z",
            "user": 1,
            "content_type": 11,
            "object_id": "11",
            "object_repr": "SneakerSize object (11)",
            "action_flag": 3,
            "change_message": ""
        }
    },
    {
        "model": "admin.logentry",
        "pk": 40,
        "fields": {
            "action_time": "2025-09-13T10:00:30.479Z",
            "user": 1,
            "content_type": 11,
            "object_id": "10",
            "object_repr": "SneakerSize object (10)",
            "action_flag": 3,
            "change_message": ""
        }
    },
    {
        "model": "admin.logentry",
        "pk": 41,
        "fields": {
            "action_time": "2025-09-13T10:00:44.978Z",
            "user": 1,
            "content_type": 11,
            "object_id": "13",
            "object_repr": "SneakerSize object (13)",
            "action_flag": 1,
            "change_message": "[{\"added\": {}}]"
        }
    },
    {
        "model": "admin.logentry",
        "pk": 42,
        "fields": {
            "action_time": "2025-09-13T10:01:14.015Z",
            "user": 1,
            "content_type": 11,
            "object_id": "14",
            "object_repr": "SneakerSize object (14)",
            "action_flag": 1,
            "change_message": "[{\"added\": {}}]"
        }
    },
    {
        "model": "admin.logentry",
        "pk": 43,
        "fields": {
            "action_time": "2025-09-13T11:48:10.145Z",
            "user": 1,
            "content_type": 11,
            "object_id": "14",
            "object_repr": "39.0",
            "action_flag": 3,
            "change_message": ""
        }
    },
    {
        "model": "admin.logentry",
        "pk": 44,
        "fields": {
            "action_time": "2025-09-13T16:01:58.069Z",
            "user": 1,
            "content_type": 10,
            "object_id": "7",
            "object_repr": "1906R",
            "action_flag": 2,
            "change_message": "[{\"changed\": {\"fields\": [\"Description\"]}}]"
        }
    },
    {
        "model": "admin.logentry",
        "pk": 45,
        "fields": {
            "action_time": "2025-09-13T16:03:24.806Z",
            "user": 1,
            "content_type": 10,
            "object_id": "8",
            "object_repr": "Hedgehog 06",
            "action_flag": 2,
            "change_message": "[{\"changed\": {\"fields\": [\"Description\"]}}]"
        }
    },
    {
        "model": "admin.logentry",
        "pk": 46,
        "fields": {
            "action_time": "2025-09-13T17:21:15.269Z",
            "user": 1,
            "content_type": 10,
            "object_id": "9",
            "object_repr": "Gel-Venture 6",
            "action_flag": 1,
            "change_message": "[{\"added\": {}}]"
        }
    },
    {
        "model": "admin.logentry",
        "pk": 47,
        "fields": {
            "action_time": "2025-09-13T18:23:30.888Z",
            "user": 1,
            "content_type": 10,
            "object_id": "9",
            "object_repr": "Gel-Venture 6",
            "action_flag": 2,
            "change_message": "[{\"changed\": {\"fields\": [\"Image\"]}}]"
        }
    },
    {
        "model": "admin.logentry",
        "pk": 48,
        "fields": {
            "action_time": "2025-09-13T18:23:56.091Z",
            "user": 1,
            "content_type": 10,
            "object_id": "9",
            "object_repr": "Gel-Venture 6",
            "action_flag": 3,
            "change_message": ""
        }
    },
    {
        "model": "admin.logentry",
        "pk": 49,
        "fields": {
            "action_time": "2025-09-13T18:30:20.413Z",
            "user": 1,
            "content_type": 10,
            "object_id": "10",
            "object_repr": "Wave Rider B GTX",
            "action_flag": 1,
            "change_message": "[{\"added\": {}}]"
        }
    },
    {
        "model": "admin.logentry",
        "pk": 50,
        "fields": {
            "action_time": "2025-09-13T18:44:22.085Z",
            "user": 1,
            "content_type": 10,
            "object_id": "10",
            "object_repr": "Wave Rider B GTX",
            "action_flag": 3,
            "change_message": ""
        }
    },
    {
        "model": "admin.logentry",
        "pk": 51,
        "fields": {
            "action_time": "2025-09-13T18:44:49.157Z",
            "user": 1,
            "content_type": 8,
            "object_id": "4",
            "object_repr": "blue",
            "action_flag": 1,
            "change_message": "[{\"added\": {}}]"
        }
    },
    {
        "model": "admin.logentry",
        "pk": 52,
        "fields": {
            "action_time": "2025-09-13T18:45:40.645Z",
            "user": 1,
            "content_type": 10,
            "object_id": "11",
            "object_repr": "Dunk Low Retro",
            "action_flag": 1,
            "change_message": "[{\"added\": {}}]"
        }
    },
    {
        "model": "admin.logentry",
        "pk": 53,
        "fields": {
            "action_time": "2025-09-14T12:01:22.505Z",
            "user": 1,
            "content_type": 10,
            "object_id": "12",
            "object_repr": "sdsd",
            "action_flag": 1,
            "change_message": "[{\"added\": {}}]"
        }
    },
    {
        "model": "admin.logentry",
        "pk": 54,
        "fields": {
            "action_time": "2025-09-14T12:01:35.967Z",
            "user": 1,
            "content_type": 10,
            "object_id": "12",
            "object_repr": "sdsd",
            "action_flag": 2,
            "change_message": "[{\"changed\": {\"fields\": [\"Image\"]}}]"
        }
    },
    {
        "model": "admin.logentry",
        "pk": 55,
        "fields": {
            "action_time": "2025-09-14T12:01:49.378Z",
            "user": 1,
            "content_type": 10,
            "object_id": "12",
            "object_repr": "sdsd",
            "action_flag": 3,
            "change_message": ""
        }
    },
    {
        "model": "admin.logentry",
        "pk": 56,
        "fields": {
            "action_time": "2025-09-18T15:18:07.838Z",
            "user": 1,
            "content_type": 10,
            "object_id": "8",
            "object_repr": "Hedgehog 06",
            "action_flag": 2,
            "change_message": "[{\"changed\": {\"fields\": [\"Description\"]}}]"
        }
    },
    {
        "model": "admin.logentry",
        "pk": 57,
        "fields": {
            "action_time": "2025-09-18T15:19:15.551Z",
            "user": 1,
            "content_type": 10,
            "object_id": "8",
            "object_repr": "Hedgehog 06",
            "action_flag": 2,
            "change_message": "[{\"changed\": {\"fields\": [\"Description\"]}}]"
        }
    },
    {
        "model": "admin.logentry",
        "pk": 58,
        "fields": {
            "action_time": "2025-09-18T15:19:48.617Z",
            "user": 1,
            "content_type": 10,
            "object_id": "8",
            "object_repr": "Hedgehog 06",
            "action_flag": 2,
            "change_message": "[{\"changed\": {\"fields\": [\"Description\"]}}]"
        }
    },
    {
        "model": "admin.logentry",
        "pk": 59,
        "fields": {
            "action_time": "2025-09-21T13:00:31.175Z",
            "user": 1,
            "content_type": 9,
            "object_id": "5",
            "object_repr": "37",
            "action_flag": 1,
            "change_message": "[{\"added\": {}}]"
        }
    },
    {
        "model": "admin.logentry",
        "pk": 60,
        "fields": {
            "action_time": "2025-09-21T13:00:45.621Z",
            "user": 1,
            "content_type": 9,
            "object_id": "6",
            "object_repr": "38.5",
            "action_flag": 1,
            "change_message": "[{\"added\": {}}]"
        }
    },
    {
        "model": "admin.logentry",
        "pk": 61,
        "fields": {
            "action_time": "2025-09-21T13:00:53.669Z",
            "user": 1,
            "content_type": 9,
            "object_id": "7",
            "object_repr": "39.5",
            "action_flag": 1,
            "change_message": "[{\"added\": {}}]"
        }
    },
    {
        "model": "admin.logentry",
        "pk": 62,
        "fields": {
            "action_time": "2025-09-21T13:00:56.259Z",
            "user": 1,
            "content_type": 9,
            "object_id": "8",
            "object_repr": "40",
            "action_flag": 1,
            "change_message": "[{\"added\": {}}]"
        }
    },
    {
        "model": "admin.logentry",
        "pk": 63,
        "fields": {
            "action_time": "2025-09-21T13:01:02.033Z",
            "user": 1,
            "content_type": 9,
            "object_id": "9",
            "object_repr": "36",
            "action_flag": 1,
            "change_message": "[{\"added\": {}}]"
        }
    },
    {
        "model": "admin.logentry",
        "pk": 64,
        "fields": {
            "action_time": "2025-09-21T13:01:52.868Z",
            "user": 1,
            "content_type": 11,
            "object_id": "9",
            "object_repr": "35.0",
            "action_flag": 3,
            "change_message": ""
        }
    },
    {
        "model": "admin.logentry",
        "pk": 65,
        "fields": {
            "action_time": "2025-09-21T13:01:59.125Z",
            "user": 1,
            "content_type": 11,
            "object_id": "7",
            "object_repr": "35.0",
            "action_flag": 3,
            "change_message": ""
        }
    },
    {
        "model": "admin.logentry",
        "pk": 66,
        "fields": {
            "action_time": "2025-09-21T13:02:10.864Z",
            "user": 1,
            "content_type": 9,
            "object_id": "2",
            "object_repr": "35.0",
            "action_flag": 3,
            "change_message": ""
        }
    },
    {
        "model": "admin.logentry",
        "pk": 67,
        "fields": {
            "action_time": "2025-09-21T13:02:22.719Z",
            "user": 1,
            "content_type": 9,
            "object_id": "10",
            "object_repr": "36.5",
            "action_flag": 1,
            "change_message": "[{\"added\": {}}]"
        }
    },
    {
        "model": "admin.logentry",
        "pk": 68,
        "fields": {
            "action_time": "2025-09-21T13:02:54.294Z",
            "user": 1,
            "content_type": 8,
            "object_id": "4",
            "object_repr": "Blue",
            "action_flag": 2,
            "change_message": "[{\"changed\": {\"fields\": [\"Color\"]}}]"
        }
    },
    {
        "model": "admin.logentry",
        "pk": 69,
        "fields": {
            "action_time": "2025-09-21T13:03:02.998Z",
            "user": 1,
            "content_type": 8,
            "object_id": "3",
            "object_repr": "Beige",
            "action_flag": 2,
            "change_message": "[{\"changed\": {\"fields\": [\"Color\"]}}]"
        }
    },
    {
        "model": "admin.logentry",
        "pk": 70,
        "fields": {
            "action_time": "2025-09-21T13:03:07.014Z",
            "user": 1,
            "content_type": 8,
            "object_id": "2",
            "object_repr": "Gray",
            "action_flag": 2,
            "change_message": "[{\"changed\": {\"fields\": [\"Color\"]}}]"
        }
    },
    {
        "model": "admin.logentry",
        "pk": 71,
        "fields": {
            "action_time": "2025-09-21T13:03:10.887Z",
            "user": 1,
            "content_type": 8,
            "object_id": "1",
            "object_repr": "Silver",
            "action_flag": 2,
            "change_message": "[{\"changed\": {\"fields\": [\"Color\"]}}]"
        }
    },
    {
        "model": "admin.logentry",
        "pk": 72,
        "fields": {
            "action_time": "2025-09-21T13:04:48.220Z",
            "user": 1,
            "content_type": 7,
            "object_id": "4",
            "object_repr": "Official",
            "action_flag": 2,
            "change_message": "[{\"changed\": {\"fields\": [\"Category\"]}}]"
        }
    },
    {
        "model": "admin.logentry",
        "pk": 73,
        "fields": {
            "action_time": "2025-09-21T13:04:53.054Z",
            "user": 1,
            "content_type": 7,
            "object_id": "3",
            "object_repr": "Casual",
            "action_flag": 2,
            "change_message": "[{\"changed\": {\"fields\": [\"Category\"]}}]"
        }
    },
    {
        "model": "admin.logentry",
        "pk": 74,
        "fields": {
            "action_time": "2025-09-21T13:04:56.993Z",
            "user": 1,
            "content_type": 7,
            "object_id": "2",
            "object_repr": "Street",
            "action_flag": 2,
            "change_message": "[{\"changed\": {\"fields\": [\"Category\"]}}]"
        }
    },
    {
        "model": "admin.logentry",
        "pk": 75,
        "fields": {
            "action_time": "2025-09-21T13:05:00.838Z",
            "user": 1,
            "content_type": 7,
            "object_id": "1",
            "object_repr": "Sport",
            "action_flag": 2,
            "change_message": "[{\"changed\": {\"fields\": [\"Category\"]}}]"
        }
    },
    {
        "model": "admin.logentry",
        "pk": 76,
        "fields": {
            "action_time": "2025-09-21T13:07:10.566Z",
            "user": 1,
            "content_type": 8,
            "object_id": "5",
            "object_repr": "Black",
            "action_flag": 1,
            "change_message": "[{\"added\": {}}]"
        }
    },
    {
        "model": "admin.logentry",
        "pk": 77,
        "fields": {
            "action_time": "2025-09-21T13:07:31.098Z",
            "user": 1,
            "content_type": 10,
            "object_id": "12",
            "object_repr": "Altamesa 500",
            "action_flag": 1,
            "change_message": "[{\"added\": {}}]"
        }
    },
    {
        "model": "admin.logentry",
        "pk": 78,
        "fields": {
            "action_time": "2025-09-21T13:08:07.733Z",
            "user": 1,
            "content_type": 10,
            "object_id": "12",
            "object_repr": "Altamesa 500",
            "action_flag": 3,
            "change_message": ""
        }
    },
    {
        "model": "admin.logentry",
        "pk": 79,
        "fields": {
            "action_time": "2025-09-21T13:10:12.195Z",
            "user": 1,
            "content_type": 10,
            "object_id": "13",
            "object_repr": "860",
            "action_flag": 1,
            "change_message": "[{\"added\": {}}]"
        }
    },
    {
        "model": "admin.logentry",
        "pk": 80,
        "fields": {
            "action_time": "2025-09-21T13:12:34.873Z",
            "user": 1,
            "content_type": 10,
            "object_id": "14",
            "object_repr": "Mostro XC GORE-TEX",
            "action_flag": 1,
            "change_message": "[{\"added\": {}}]"
        }
    },
    {
        "model": "admin.logentry",
        "pk": 81,
        "fields": {
            "action_time": "2025-09-21T13:15:25.942Z",
            "user": 1,
            "content_type": 10,
            "object_id": "15",
            "object_repr": "Spizike Low",
            "action_flag": 1,
            "change_message": "[{\"added\": {}}]"
        }
    },
    {
        "model": "admin.logentry",
        "pk": 82,
        "fields": {
            "action_time": "2025-09-21T13:15:33.942Z",
            "user": 1,
            "content_type": 8,
            "object_id": "6",
            "object_repr": "White",
            "action_flag": 1,
            "change_message": "[{\"added\": {}}]"
        }
    },
    {
        "model": "admin.logentry",
        "pk": 83,
        "fields": {
            "action_time": "2025-09-21T13:15:54.022Z",
            "user": 1,
            "content_type": 10,
            "object_id": "15",
            "object_repr": "Spizike Low",
            "action_flag": 2,
            "change_message": "[{\"changed\": {\"fields\": [\"Color\"]}}]"
        }
    },
    {
        "model": "admin.logentry",
        "pk": 84,
        "fields": {
            "action_time": "2025-09-21T13:19:43.952Z",
            "user": 1,
            "content_type": 10,
            "object_id": "16",
            "object_repr": "Warped Runner",
            "action_flag": 1,
            "change_message": "[{\"added\": {}}]"
        }
    },
    {
        "model": "admin.logentry",
        "pk": 85,
        "fields": {
            "action_time": "2025-09-21T13:23:02.710Z",
            "user": 1,
            "content_type": 10,
            "object_id": "17",
            "object_repr": "PUMA CA Pro Classic II",
            "action_flag": 1,
            "change_message": "[{\"added\": {}}]"
        }
    },
    {
        "model": "admin.logentry",
        "pk": 86,
        "fields": {
            "action_time": "2025-09-21T13:24:11.338Z",
            "user": 1,
            "content_type": 10,
            "object_id": "18",
            "object_repr": "Nike Full Force Low",
            "action_flag": 1,
            "change_message": "[{\"added\": {}}]"
        }
    },
    {
        "model": "admin.logentry",
        "pk": 87,
        "fields": {
            "action_time": "2025-09-21T13:26:20.038Z",
            "user": 1,
            "content_type": 10,
            "object_id": "19",
            "object_repr": "Speedcat Leather",
            "action_flag": 1,
            "change_message": "[{\"added\": {}}]"
        }
    },
    {
        "model": "admin.logentry",
        "pk": 88,
        "fields": {
            "action_time": "2025-09-21T13:28:39.486Z",
            "user": 1,
            "content_type": 10,
            "object_id": "20",
            "object_repr": "Intimidation Low",
            "action_flag": 1,
            "change_message": "[{\"added\": {}}]"
        }
    },
    {
        "model": "admin.logentry",
        "pk": 89,
        "fields": {
            "action_time": "2025-09-21T13:30:30.144Z",
            "user": 1,
            "content_type": 10,
            "object_id": "21",
            "object_repr": "Zoom Vomero 5",
            "action_flag": 1,
            "change_message": "[{\"added\": {}}]"
        }
    },
    {
        "model": "admin.logentry",
        "pk": 90,
        "fields": {
            "action_time": "2025-09-21T13:41:51.699Z",
            "user": 1,
            "content_type": 8,
            "object_id": "7",
            "object_repr": "Brown",
            "action_flag": 1,
            "change_message": "[{\"added\": {}}]"
        }
    },
    {
        "model": "admin.logentry",
        "pk": 91,
        "fields": {
            "action_time": "2025-09-21T13:42:57.705Z",
            "user": 1,
            "content_type": 10,
            "object_id": "22",
            "object_repr": "Morphic Retro",
            "action_flag": 1,
            "change_message": "[{\"added\": {}}]"
        }
    },
    {
        "model": "admin.logentry",
        "pk": 92,
        "fields": {
            "action_time": "2025-09-21T13:49:18.692Z",
            "user": 1,
            "content_type": 10,
            "object_id": "23",
            "object_repr": "Adizero Aruku",
            "action_flag": 1,
            "change_message": "[{\"added\": {}}]"
        }
    },
    {
        "model": "admin.logentry",
        "pk": 93,
        "fields": {
            "action_time": "2025-09-21T14:22:07.388Z",
            "user": 1,
            "content_type": 11,
            "object_id": "14",
            "object_repr": "37.5",
            "action_flag": 1,
            "change_message": "[{\"added\": {}}]"
        }
    },
    {
        "model": "admin.logentry",
        "pk": 94,
        "fields": {
            "action_time": "2025-09-21T14:22:19.160Z",
            "user": 1,
            "content_type": 11,
            "object_id": "14",
            "object_repr": "37.5",
            "action_flag": 3,
            "change_message": ""
        }
    },
    {
        "model": "admin.logentry",
        "pk": 95,
        "fields": {
            "action_time": "2025-09-21T14:22:19.160Z",
            "user": 1,
            "content_type": 11,
            "object_id": "13",
            "object_repr": "37.5",
            "action_flag": 3,
            "change_message": ""
        }
    },
    {
        "model": "admin.logentry",
        "pk": 96,
        "fields": {
            "action_time": "2025-09-21T14:22:19.160Z",
            "user": 1,
            "content_type": 11,
            "object_id": "12",
            "object_repr": "38.0",
            "action_flag": 3,
            "change_message": ""
        }
    },
    {
        "model": "admin.logentry",
        "pk": 97,
        "fields": {
            "action_time": "2025-09-21T14:22:19.160Z",
            "user": 1,
            "content_type": 11,
            "object_id": "8",
            "object_repr": "39.0",
            "action_flag": 3,
            "change_message": ""
        }
    },
    {
        "model": "admin.logentry",
        "pk": 98,
        "fields": {
            "action_time": "2025-09-21T14:22:27.840Z",
            "user": 1,
            "content_type": 11,
            "object_id": "15",
            "object_repr": "37.5",
            "action_flag": 1,
            "change_message": "[{\"added\": {}}]"
        }
    },
    {
        "model": "admin.logentry",
        "pk": 99,
        "fields": {
            "action_time": "2025-09-21T14:22:34.418Z",
            "user": 1,
            "content_type": 11,
            "object_id": "16",
            "object_repr": "37.0",
            "action_flag": 1,
            "change_message": "[{\"added\": {}}]"
        }
    },
    {
        "model": "admin.logentry",
        "pk": 100,
        "fields": {
            "action_time": "2025-09-21T14:22:38.993Z",
            "user": 1,
            "content_type": 11,
            "object_id": "17",
            "object_repr": "40.0",
            "action_flag": 1,
            "change_message": "[{\"added\": {}}]"
        }
    },
    {
        "model": "admin.logentry",
        "pk": 101,
        "fields": {
            "action_time": "2025-09-21T14:22:47.180Z",
            "user": 1,
            "content_type": 11,
            "object_id": "18",
            "object_repr": "39.0",
            "action_flag": 1,
            "change_message": "[{\"added\": {}}]"
        }
    },
    {
        "model": "admin.logentry",
        "pk": 102,
        "fields": {
            "action_time": "2025-09-21T14:22:57.193Z",
            "user": 1,
            "content_type": 11,
            "object_id": "19",
            "object_repr": "39.5",
            "action_flag": 1,
            "change_message": "[{\"added\": {}}]"
        }
    },
    {
        "model": "admin.logentry",
        "pk": 103,
        "fields": {
            "action_time": "2025-09-21T14:23:02.115Z",
            "user": 1,
            "content_type": 11,
            "object_id": "20",
            "object_repr": "36.0",
            "action_flag": 1,
            "change_message": "[{\"added\": {}}]"
        }
    },
    {
        "model": "admin.logentry",
        "pk": 104,
        "fields": {
            "action_time": "2025-09-21T14:23:06.784Z",
            "user": 1,
            "content_type": 11,
            "object_id": "21",
            "object_repr": "36.0",
            "action_flag": 1,
            "change_message": "[{\"added\": {}}]"
        }
    },
    {
        "model": "admin.logentry",
        "pk": 105,
        "fields": {
            "action_time": "2025-09-21T14:23:11.517Z",
            "user": 1,
            "content_type": 11,
            "object_id": "22",
            "object_repr": "39.5",
            "action_flag": 1,
            "change_message": "[{\"added\": {}}]"
        }
    },
    {
        "model": "admin.logentry",
        "pk": 106,
        "fields": {
            "action_time": "2025-09-21T14:23:15.797Z",
            "user": 1,
            "content_type": 11,
            "object_id": "23",
            "object_repr": "37.5",
            "action_flag": 1,
            "change_message": "[{\"added\": {}}]"
        }
    },
    {
        "model": "admin.logentry",
        "pk": 107,
        "fields": {
            "action_time": "2025-09-21T14:23:22.294Z",
            "user": 1,
            "content_type": 11,
            "object_id": "24",
            "object_repr": "38.0",
            "action_flag": 1,
            "change_message": "[{\"added\": {}}]"
        }
    },
    {
        "model": "admin.logentry",
        "pk": 108,
        "fields": {
            "action_time": "2025-09-21T14:23:27.607Z",
            "user": 1,
            "content_type": 11,
            "object_id": "25",
            "object_repr": "37.5",
            "action_flag": 1,
            "change_message": "[{\"added\": {}}]"
        }
    },
    {
        "model": "admin.logentry",
        "pk": 109,
        "fields": {
            "action_time": "2025-09-21T14:23:34.385Z",
            "user": 1,
            "content_type": 11,
            "object_id": "26",
            "object_repr": "39.5",
            "action_flag": 1,
            "change_message": "[{\"added\": {}}]"
        }
    },
    {
        "model": "admin.logentry",
        "pk": 110,
        "fields": {
            "action_time": "2025-09-21T14:23:40.915Z",
            "user": 1,
            "content_type": 11,
            "object_id": "27",
            "object_repr": "36.5",
            "action_flag": 1,
            "change_message": "[{\"added\": {}}]"
        }
    },
    {
        "model": "admin.logentry",
        "pk": 111,
        "fields": {
            "action_time": "2025-09-21T14:23:46.380Z",
            "user": 1,
            "content_type": 11,
            "object_id": "28",
            "object_repr": "37.5",
            "action_flag": 1,
            "change_message": "[{\"added\": {}}]"
        }
    },
    {
        "model": "admin.logentry",
        "pk": 112,
        "fields": {
            "action_time": "2025-09-21T14:23:52.328Z",
            "user": 1,
            "content_type": 11,
            "object_id": "29",
            "object_repr": "40.0",
            "action_flag": 1,
            "change_message": "[{\"added\": {}}]"
        }
    },
    {
        "model": "admin.logentry",
        "pk": 113,
        "fields": {
            "action_time": "2025-09-21T14:24:01.549Z",
            "user": 1,
            "content_type": 11,
            "object_id": "30",
            "object_repr": "38.5",
            "action_flag": 1,
            "change_message": "[{\"added\": {}}]"
        }
    },
    {
        "model": "admin.logentry",
        "pk": 114,
        "fields": {
            "action_time": "2025-09-21T14:24:08.067Z",
            "user": 1,
            "content_type": 11,
            "object_id": "31",
            "object_repr": "37.5",
            "action_flag": 1,
            "change_message": "[{\"added\": {}}]"
        }
    },
    {
        "model": "admin.logentry",
        "pk": 115,
        "fields": {
            "action_time": "2025-09-21T14:24:12.612Z",
            "user": 1,
            "content_type": 11,
            "object_id": "32",
            "object_repr": "38.5",
            "action_flag": 1,
            "change_message": "[{\"added\": {}}]"
        }
    },
    {
        "model": "admin.logentry",
        "pk": 116,
        "fields": {
            "action_time": "2025-09-21T14:24:18.601Z",
            "user": 1,
            "content_type": 11,
            "object_id": "33",
            "object_repr": "40.0",
            "action_flag": 1,
            "change_message": "[{\"added\": {}}]"
        }
    },
    {
        "model": "admin.logentry",
        "pk": 117,
        "fields": {
            "action_time": "2025-09-21T14:24:24.551Z",
            "user": 1,
            "content_type": 11,
            "object_id": "34",
            "object_repr": "39.0",
            "action_flag": 1,
            "change_message": "[{\"added\": {}}]"
        }
    },
    {
        "model": "admin.logentry",
        "pk": 118,
        "fields": {
            "action_time": "2025-09-21T14:24:39.672Z",
            "user": 1,
            "content_type": 11,
            "object_id": "35",
            "object_repr": "40.0",
            "action_flag": 1,
            "change_message": "[{\"added\": {}}]"
        }
    },
    {
        "model": "admin.logentry",
        "pk": 119,
        "fields": {
            "action_time": "2025-09-21T14:24:45.159Z",
            "user": 1,
            "content_type": 11,
            "object_id": "36",
            "object_repr": "36.0",
            "action_flag": 1,
            "change_message": "[{\"added\": {}}]"
        }
    },
    {
        "model": "admin.logentry",
        "pk": 120,
        "fields": {
            "action_time": "2025-09-21T14:24:50.089Z",
            "user": 1,
            "content_type": 11,
            "object_id": "37",
            "object_repr": "38.0",
            "action_flag": 1,
            "change_message": "[{\"added\": {}}]"
        }
    },
    {
        "model": "admin.logentry",
        "pk": 121,
        "fields": {
            "action_time": "2025-09-21T14:24:54.622Z",
            "user": 1,
            "content_type": 11,
            "object_id": "38",
            "object_repr": "36.5",
            "action_flag": 1,
            "change_message": "[{\"added\": {}}]"
        }
    },
    {
        "model": "admin.logentry",
        "pk": 122,
        "fields": {
            "action_time": "2025-09-21T14:25:01.007Z",
            "user": 1,
            "content_type": 11,
            "object_id": "39",
            "object_repr": "39.5",
            "action_flag": 1,
            "change_message": "[{\"added\": {}}]"
        }
    },
    {
        "model": "admin.logentry",
        "pk": 123,
        "fields": {
            "action_time": "2025-09-21T14:25:06.159Z",
            "user": 1,
            "content_type": 11,
            "object_id": "40",
            "object_repr": "38.0",
            "action_flag": 1,
            "change_message": "[{\"added\": {}}]"
        }
    },
    {
        "model": "admin.logentry",
        "pk": 124,
        "fields": {
            "action_time": "2025-09-21T14:25:13.887Z",
            "user": 1,
            "content_type": 11,
            "object_id": "41",
            "object_repr": "39.0",
            "action_flag": 1,
            "change_message": "[{\"added\": {}}]"
        }
    },
    {
        "model": "admin.logentry",
        "pk": 125,
        "fields": {
            "action_time": "2025-09-21T14:25:23.992Z",
            "user": 1,
            "content_type": 11,
            "object_id": "42",
            "object_repr": "39.0",
            "action_flag": 1,
            "change_message": "[{\"added\": {}}]"
        }
    },
    {
        "model": "admin.logentry",
        "pk": 126,
        "fields": {
            "action_time": "2025-09-21T14:25:33.260Z",
            "user": 1,
            "content_type": 11,
            "object_id": "43",
            "object_repr": "37.0",
            "action_flag": 1,
            "change_message": "[{\"added\": {}}]"
        }
    },
    {
        "model": "admin.logentry",
        "pk": 127,
        "fields": {
            "action_time": "2025-09-21T14:25:39.495Z",
            "user": 1,
            "content_type": 11,
            "object_id": "44",
            "object_repr": "37.5",
            "action_flag": 1,
            "change_message": "[{\"added\": {}}]"
        }
    },
    {
        "model": "admin.logentry",
        "pk": 128,
        "fields": {
            "action_time": "2025-09-21T14:25:45.269Z",
            "user": 1,
            "content_type": 11,
            "object_id": "45",
            "object_repr": "36.0",
            "action_flag": 1,
            "change_message": "[{\"added\": {}}]"
        }
    },
    {
        "model": "admin.logentry",
        "pk": 129,
        "fields": {
            "action_time": "2025-09-21T14:25:49.876Z",
            "user": 1,
            "content_type": 11,
            "object_id": "46",
            "object_repr": "39.0",
            "action_flag": 1,
            "change_message": "[{\"added\": {}}]"
        }
    },
    {
        "model": "admin.logentry",
        "pk": 130,
        "fields": {
            "action_time": "2025-09-21T14:25:55.218Z",
            "user": 1,
            "content_type": 11,
            "object_id": "47",
            "object_repr": "40.0",
            "action_flag": 1,
            "change_message": "[{\"added\": {}}]"
        }
    },
    {
        "model": "admin.logentry",
        "pk": 131,
        "fields": {
            "action_time": "2025-09-21T14:26:00.089Z",
            "user": 1,
            "content_type": 11,
            "object_id": "48",
            "object_repr": "38.0",
            "action_flag": 1,
            "change_message": "[{\"added\": {}}]"
        }
    },
    {
        "model": "admin.logentry",
        "pk": 132,
        "fields": {
            "action_time": "2025-09-21T14:26:04.953Z",
            "user": 1,
            "content_type": 11,
            "object_id": "49",
            "object_repr": "40.0",
            "action_flag": 1,
            "change_message": "[{\"added\": {}}]"
        }
    },
    {
        "model": "admin.logentry",
        "pk": 133,
        "fields": {
            "action_time": "2025-09-21T14:26:08.915Z",
            "user": 1,
            "content_type": 11,
            "object_id": "50",
            "object_repr": "38.5",
            "action_flag": 1,
            "change_message": "[{\"added\": {}}]"
        }
    },
    {
        "model": "admin.logentry",
        "pk": 134,
        "fields": {
            "action_time": "2025-09-21T14:26:14.570Z",
            "user": 1,
            "content_type": 11,
            "object_id": "51",
            "object_repr": "37.5",
            "action_flag": 1,
            "change_message": "[{\"added\": {}}]"
        }
    },
    {
        "model": "admin.logentry",
        "pk": 135,
        "fields": {
            "action_time": "2025-09-21T14:26:19.091Z",
            "user": 1,
            "content_type": 11,
            "object_id": "52",
            "object_repr": "37.5",
            "action_flag": 1,
            "change_message": "[{\"added\": {}}]"
        }
    },
    {
        "model": "admin.logentry",
        "pk": 136,
        "fields": {
            "action_time": "2025-09-21T14:26:23.537Z",
            "user": 1,
            "content_type": 11,
            "object_id": "53",
            "object_repr": "38.0",
            "action_flag": 1,
            "change_message": "[{\"added\": {}}]"
        }
    },
    {
        "model": "admin.logentry",
        "pk": 137,
        "fields": {
            "action_time": "2025-09-21T14:26:30.678Z",
            "user": 1,
            "content_type": 11,
            "object_id": "54",
            "object_repr": "39.0",
            "action_flag": 1,
            "change_message": "[{\"added\": {}}]"
        }
    },
    {
        "model": "admin.logentry",
        "pk": 138,
        "fields": {
            "action_time": "2025-09-21T14:26:34.790Z",
            "user": 1,
            "content_type": 11,
            "object_id": "55",
            "object_repr": "37.0",
            "action_flag": 1,
            "change_message": "[{\"added\": {}}]"
        }
    },
    {
        "model": "admin.logentry",
        "pk": 139,
        "fields": {
            "action_time": "2025-09-21T14:26:40.660Z",
            "user": 1,
            "content_type": 11,
            "object_id": "56",
            "object_repr": "38.5",
            "action_flag": 1,
            "change_message": "[{\"added\": {}}]"
        }
    },
    {
        "model": "auth.permission",
        "pk": 1,
        "fields": {
            "name": "Can add log entry",
            "content_type": 1,
            "codename": "add_logentry"
        }
    },
    {
        "model": "auth.permission",
        "pk": 2,
        "fields": {
            "name": "Can change log entry",
            "content_type": 1,
            "codename": "change_logentry"
        }
    },
    {
        "model": "auth.permission",
        "pk": 3,
        "fields": {
            "name": "Can delete log entry",
            "content_type": 1,
            "codename": "delete_logentry"
        }
    },
    {
        "model": "auth.permission",
        "pk": 4,
        "fields": {
            "name": "Can view log entry",
            "content_type": 1,
            "codename": "view_logentry"
        }
    },
    {
        "model": "auth.permission",
        "pk": 5,
        "fields": {
            "name": "Can add permission",
            "content_type": 2,
            "codename": "add_permission"
        }
    },
    {
        "model": "auth.permission",
        "pk": 6,
        "fields": {
            "name": "Can change permission",
            "content_type": 2,
            "codename": "change_permission"
        }
    },
    {
        "model": "auth.permission",
        "pk": 7,
        "fields": {
            "name": "Can delete permission",
            "content_type": 2,
            "codename": "delete_permission"
        }
    },
    {
        "model": "auth.permission",
        "pk": 8,
        "fields": {
            "name": "Can view permission",
            "content_type": 2,
            "codename": "view_permission"
        }
    },
    {
        "model": "auth.permission",
        "pk": 9,
        "fields": {
            "name": "Can add group",
            "content_type": 3,
            "codename": "add_group"
        }
    },
    {
        "model": "auth.permission",
        "pk": 10,
        "fields": {
            "name": "Can change group",
            "content_type": 3,
            "codename": "change_group"
        }
    },
    {
        "model": "auth.permission",
        "pk": 11,
        "fields": {
            "name": "Can delete group",
            "content_type": 3,
            "codename": "delete_group"
        }
    },
    {
        "model": "auth.permission",
        "pk": 12,
        "fields": {
            "name": "Can view group",
            "content_type": 3,
            "codename": "view_group"
        }
    },
    {
        "model": "auth.permission",
        "pk": 13,
        "fields": {
            "name": "Can add user",
            "content_type": 4,
            "codename": "add_user"
        }
    },
    {
        "model": "auth.permission",
        "pk": 14,
        "fields": {
            "name": "Can change user",
            "content_type": 4,
            "codename": "change_user"
        }
    },
    {
        "model": "auth.permission",
        "pk": 15,
        "fields": {
            "name": "Can delete user",
            "content_type": 4,
            "codename": "delete_user"
        }
    },
    {
        "model": "auth.permission",
        "pk": 16,
        "fields": {
            "name": "Can view user",
            "content_type": 4,
            "codename": "view_user"
        }
    },
    {
        "model": "auth.permission",
        "pk": 17,
        "fields": {
            "name": "Can add content type",
            "content_type": 5,
            "codename": "add_contenttype"
        }
    },
    {
        "model": "auth.permission",
        "pk": 18,
        "fields": {
            "name": "Can change content type",
            "content_type": 5,
            "codename": "change_contenttype"
        }
    },
    {
        "model": "auth.permission",
        "pk": 19,
        "fields": {
            "name": "Can delete content type",
            "content_type": 5,
            "codename": "delete_contenttype"
        }
    },
    {
        "model": "auth.permission",
        "pk": 20,
        "fields": {
            "name": "Can view content type",
            "content_type": 5,
            "codename": "view_contenttype"
        }
    },
    {
        "model": "auth.permission",
        "pk": 21,
        "fields": {
            "name": "Can add session",
            "content_type": 6,
            "codename": "add_session"
        }
    },
    {
        "model": "auth.permission",
        "pk": 22,
        "fields": {
            "name": "Can change session",
            "content_type": 6,
            "codename": "change_session"
        }
    },
    {
        "model": "auth.permission",
        "pk": 23,
        "fields": {
            "name": "Can delete session",
            "content_type": 6,
            "codename": "delete_session"
        }
    },
    {
        "model": "auth.permission",
        "pk": 24,
        "fields": {
            "name": "Can view session",
            "content_type": 6,
            "codename": "view_session"
        }
    },
    {
        "model": "auth.permission",
        "pk": 25,
        "fields": {
            "name": "Can add category",
            "content_type": 7,
            "codename": "add_category"
        }
    },
    {
        "model": "auth.permission",
        "pk": 26,
        "fields": {
            "name": "Can change category",
            "content_type": 7,
            "codename": "change_category"
        }
    },
    {
        "model": "auth.permission",
        "pk": 27,
        "fields": {
            "name": "Can delete category",
            "content_type": 7,
            "codename": "delete_category"
        }
    },
    {
        "model": "auth.permission",
        "pk": 28,
        "fields": {
            "name": "Can view category",
            "content_type": 7,
            "codename": "view_category"
        }
    },
    {
        "model": "auth.permission",
        "pk": 29,
        "fields": {
            "name": "Can add color",
            "content_type": 8,
            "codename": "add_color"
        }
    },
    {
        "model": "auth.permission",
        "pk": 30,
        "fields": {
            "name": "Can change color",
            "content_type": 8,
            "codename": "change_color"
        }
    },
    {
        "model": "auth.permission",
        "pk": 31,
        "fields": {
            "name": "Can delete color",
            "content_type": 8,
            "codename": "delete_color"
        }
    },
    {
        "model": "auth.permission",
        "pk": 32,
        "fields": {
            "name": "Can view color",
            "content_type": 8,
            "codename": "view_color"
        }
    },
    {
        "model": "auth.permission",
        "pk": 33,
        "fields": {
            "name": "Can add size",
            "content_type": 9,
            "codename": "add_size"
        }
    },
    {
        "model": "auth.permission",
        "pk": 34,
        "fields": {
            "name": "Can change size",
            "content_type": 9,
            "codename": "change_size"
        }
    },
    {
        "model": "auth.permission",
        "pk": 35,
        "fields": {
            "name": "Can delete size",
            "content_type": 9,
            "codename": "delete_size"
        }
    },
    {
        "model": "auth.permission",
        "pk": 36,
        "fields": {
            "name": "Can view size",
            "content_type": 9,
            "codename": "view_size"
        }
    },
    {
        "model": "auth.permission",
        "pk": 37,
        "fields": {
            "name": "Can add sneaker",
            "content_type": 10,
            "codename": "add_sneaker"
        }
    },
    {
        "model": "auth.permission",
        "pk": 38,
        "fields": {
            "name": "Can change sneaker",
            "content_type": 10,
            "codename": "change_sneaker"
        }
    },
    {
        "model": "auth.permission",
        "pk": 39,
        "fields": {
            "name": "Can delete sneaker",
            "content_type": 10,
            "codename": "delete_sneaker"
        }
    },
    {
        "model": "auth.permission",
        "pk": 40,
        "fields": {
            "name": "Can view sneaker",
            "content_type": 10,
            "codename": "view_sneaker"
        }
    },
    {
        "model": "auth.permission",
        "pk": 41,
        "fields": {
            "name": "Can add sneaker size",
            "content_type": 11,
            "codename": "add_sneakersize"
        }
    },
    {
        "model": "auth.permission",
        "pk": 42,
        "fields": {
            "name": "Can change sneaker size",
            "content_type": 11,
            "codename": "change_sneakersize"
        }
    },
    {
        "model": "auth.permission",
        "pk": 43,
        "fields": {
            "name": "Can delete sneaker size",
            "content_type": 11,
            "codename": "delete_sneakersize"
        }
    },
    {
        "model": "auth.permission",
        "pk": 44,
        "fields": {
            "name": "Can view sneaker size",
            "content_type": 11,
            "codename": "view_sneakersize"
        }
    },
    {
        "model": "auth.permission",
        "pk": 45,
        "fields": {
            "name": "Can add order",
            "content_type": 12,
            "codename": "add_order"
        }
    },
    {
        "model": "auth.permission",
        "pk": 46,
        "fields": {
            "name": "Can change order",
            "content_type": 12,
            "codename": "change_order"
        }
    },
    {
        "model": "auth.permission",
        "pk": 47,
        "fields": {
            "name": "Can delete order",
            "content_type": 12,
            "codename": "delete_order"
        }
    },
    {
        "model": "auth.permission",
        "pk": 48,
        "fields": {
            "name": "Can view order",
            "content_type": 12,
            "codename": "view_order"
        }
    },
    {
        "model": "auth.permission",
        "pk": 49,
        "fields": {
            "name": "Can add order sneaker",
            "content_type": 13,
            "codename": "add_ordersneaker"
        }
    },
    {
        "model": "auth.permission",
        "pk": 50,
        "fields": {
            "name": "Can change order sneaker",
            "content_type": 13,
            "codename": "change_ordersneaker"
        }
    },
    {
        "model": "auth.permission",
        "pk": 51,
        "fields": {
            "name": "Can delete order sneaker",
            "content_type": 13,
            "codename": "delete_ordersneaker"
        }
    },
    {
        "model": "auth.permission",
        "pk": 52,
        "fields": {
            "name": "Can view order sneaker",
            "content_type": 13,
            "codename": "view_ordersneaker"
        }
    },
    {
        "model": "auth.user",
        "pk": 1,
        "fields": {
            "password": "pbkdf2_sha256$1000000$sSNQVdQbffWgU1I8SL4F64$+m8bZfti9EcqKbmnAfQKZDNzI4RKhZ1BumgxMDQm17o=",
            "last_login": "2025-09-11T16:50:50.436Z",
            "is_superuser": true,
            "username": "admin",
            "first_name": "",
            "last_name": "",
            "email": "",
            "is_staff": true,
            "is_active": true,
            "date_joined": "2025-08-01T10:12:59.977Z",
            "groups": [],
            "user_permissions": []
        }
    },
    {
        "model": "contenttypes.contenttype",
        "pk": 1,
        "fields": {
            "app_label": "admin",
            "model": "logentry"
        }
    },
    {
        "model": "contenttypes.contenttype",
        "pk": 2,
        "fields": {
            "app_label": "auth",
            "model": "permission"
        }
    },
    {
        "model": "contenttypes.contenttype",
        "pk": 3,
        "fields": {
            "app_label": "auth",
            "model": "group"
        }
    },
    {
        "model": "contenttypes.contenttype",
        "pk": 4,
        "fields": {
            "app_label": "auth",
            "model": "user"
        }
    },
    {
        "model": "contenttypes.contenttype",
        "pk": 5,
        "fields": {
            "app_label": "contenttypes",
            "model": "contenttype"
        }
    },
    {
        "model": "contenttypes.contenttype",
        "pk": 6,
        "fields": {
            "app_label": "sessions",
            "model": "session"
        }
    },
    {
        "model": "contenttypes.contenttype",
        "pk": 7,
        "fields": {
            "app_label": "main",
            "model": "category"
        }
    },
    {
        "model": "contenttypes.contenttype",
        "pk": 8,
        "fields": {
            "app_label": "main",
            "model": "color"
        }
    },
    {
        "model": "contenttypes.contenttype",
        "pk": 9,
        "fields": {
            "app_label": "main",
            "model": "size"
        }
    },
    {
        "model": "contenttypes.contenttype",
        "pk": 10,
        "fields": {
            "app_label": "main",
            "model": "sneaker"
        }
    },
    {
        "model": "contenttypes.contenttype",
        "pk": 11,
        "fields": {
            "app_label": "main",
            "model": "sneakersize"
        }
    },
    {
        "model": "contenttypes.contenttype",
        "pk": 12,
        "fields": {
            "app_label": "order",
            "model": "order"
        }
    },
    {
        "model": "contenttypes.contenttype",
        "pk": 13,
        "fields": {
            "app_label": "order",
            "model": "ordersneaker"
        }
    },
    {
        "model": "sessions.session",
        "pk": "1ulzyhaab4yqttn3f5e1rijzbluqgvtc",
        "fields": {
            "session_data": "eyJjYXJ0Ijp7fX0:1uvzOe:0uZF0VVXSqXmzz8bmxXg3wEKzdXRa5bJE21wBwZ7_ow",
            "expire_date": "2025-09-23T14:32:36.738Z"
        }
    },
    {
        "model": "sessions.session",
        "pk": "4ev9g34jje9ik37fx3mtvbd8tcfuikc0",
        "fields": {
            "session_data": ".eJxVjDsOwjAQBe_iGlne4C8lPWeI1t41DiBbipMKcXdkKQW0b2beW8y4b2XeO6_zQuIiQJx-t4jpyXUAemC9N5la3dYlyqHIg3Z5a8Sv6-H-HRTsZdTsooYz-zSB8pmjRg8qG3SBVdJZkwsZEAhMokwaLUDErEKanLHKis8X-6s4Uw:1uhmlM:Xg-7ymzBHXtYTy1j8gBHBlU7KVAMEhdC6ZFHC7DKvwo",
            "expire_date": "2025-08-15T10:13:20.628Z"
        }
    },
    {
        "model": "sessions.session",
        "pk": "dqyfx6ybo3jxzfxnl0ro54x0eecnvlel",
        "fields": {
            "session_data": ".eJx1zLESgjAMgOF3ycz1mlooZXT3Gbi0TQX1QKEMHse7a08WBpcM-b9kBU9TgmYFk8droSH16Q0NFvCces_QgLJSSAlbAaj-Iqx_6KtaWlLXLjNPbR9ygsPOkb_zkEO40XAdhR-HNPVOZCL2OovLGPhx3u3hQUdzl6_ZOI0nrr1CWUd2mmqUsSRjWXoddTA2ImHA0ocYNFWIjqK0XpmykhVsH86QT_8:1uxoMc:qhwSfsTdNk5qQPLGwe0v7-QppVERMRDlG7SEQvqrytI",
            "expire_date": "2025-09-28T15:10:02.827Z"
        }
    },
    {
        "model": "sessions.session",
        "pk": "ikhvpzasrly5qkvz5j399zv04oketymf",
        "fields": {
            "session_data": ".eJxVjsEOgyAQRP-Fc0NYi6Iee-83kGVZqrWBBPTQGP-9JfHidd7My-yicClzinbhrxj34yYsbutkt8LZzl6MAsQlc0gLxwr8G-MrSUpxzbOTtSJPWuQzef48zu5FMGGZ6pqN03DnnhpQfWCnsQcVWjQDK9JBezMEQPDQkg9eYwfgMKiBGtN2qvtLCfNaPx8_7v5B7Q:1uvvwX:kCt9Q66pg3UL7-nF_QHLNrI5NQr2_xCMuUmEO0HWnlc",
            "expire_date": "2025-09-23T10:51:21.442Z"
        }
    },
    {
        "model": "sessions.session",
        "pk": "o7u304k614hxw4hdykrhxiahxjvf8mjy",
        "fields": {
            "session_data": ".eJxVjDsOgzAQBe_iOrK8xGBDmT5nQOv9xCQRSBgqxN0TJIqkfTNvNtPjuuR-LTL3A5vOgLn8bgnpJeMB-InjY7I0jcs8JHso9qTF3ieW9-10_wIZSz7eEpKHq0SqwEWV5DGC0xpDK468eg6tAgJDTazssQFIqK6lKtSNa75Rwnkx3bbvHz3CO58:1v0LU0:IrXVqNrP3j1R1IIYxM8fXrsow0LQLMrpLxmciGFFa9s",
            "expire_date": "2025-10-05T14:56:08.425Z"
        }
    },
    {
        "model": "sessions.session",
        "pk": "r4cg9v1qjk9bh1bufkf5dlvw99y1uqpo",
        "fields": {
            "session_data": ".eJxVjDsOwjAQRO_iGlle_0NJzxms9a7BAeRIcVIh7k4ipYBuNO_NvEXCdalp7WVOI4uzAHH67TLSs7Qd8APbfZI0tWUes9wVedAurxOX1-Vw_w4q9rqtVTAlDJ4suOhZ37ZIxhqXAbWLRCoqpyErB5iVdZgDU-BoPOgS0Q_i8wW91jcH:1uZa7s:m0g3upk2QnMvdkZk4_ICg2o2HedIiEbwaOLW4cYlleE",
            "expire_date": "2025-07-23T19:06:40.261Z"
        }
    },
    {
        "model": "sessions.session",
        "pk": "wfxyqohw7jehp9675c6fvgod885257v3",
        "fields": {
            "session_data": ".eJxVjDsOwjAQBe_iGlne4C8lPWeI1t41DiBbipMKcXdkKQW0b2beW8y4b2XeO6_zQuIiQJx-t4jpyXUAemC9N5la3dYlyqHIg3Z5a8Sv6-H-HRTsZdTsooYz-zSB8pmjRg8qG3SBVdJZkwsZEAhMokwaLUDErEKanLHKis8X-6s4Uw:1ujKOP:h7dMST943AIsMVMUHKaz2GAQJICNWf9dx87LYkCpEp0",
            "expire_date": "2025-08-19T16:20:01.405Z"
        }
    },
    {
        "model": "main.category",
        "pk": 1,
        "fields": {
            "name": "Sport",
            "slug": "sport"
        }
    },
    {
        "model": "main.category",
        "pk": 2,
        "fields": {
            "name": "Street",
            "slug": "street"
        }
    },
    {
        "model": "main.category",
        "pk": 3,
        "fields": {
            "name": "Casual",
            "slug": "casual"
        }
    },
    {
        "model": "main.category",
        "pk": 4,
        "fields": {
            "name": "Official",
            "slug": "official"
        }
    },
    {
        "model": "main.color",
        "pk": 1,
        "fields": {
            "name": "Silver",
            "slug": "silver"
        }
    },
    {
        "model": "main.color",
        "pk": 2,
        "fields": {
            "name": "Gray",
            "slug": "gray"
        }
    },
    {
        "model": "main.color",
        "pk": 3,
        "fields": {
            "name": "Beige",
            "slug": "beige"
        }
    },
    {
        "model": "main.color",
        "pk": 4,
        "fields": {
            "name": "Blue",
            "slug": "blue"
        }
    },
    {
        "model": "main.color",
        "pk": 5,
        "fields": {
            "name": "Black",
            "slug": "black"
        }
    },
    {
        "model": "main.color",
        "pk": 6,
        "fields": {
            "name": "White",
            "slug": "white"
        }
    },
    {
        "model": "main.color",
        "pk": 7,
        "fields": {
            "name": "Brown",
            "slug": "brown"
        }
    },
    {
        "model": "main.size",
        "pk": 1,
        "fields": {
            "size": "37.5"
        }
    },
    {
        "model": "main.size",
        "pk": 3,
        "fields": {
            "size": "38.0"
        }
    },
    {
        "model": "main.size",
        "pk": 4,
        "fields": {
            "size": "39.0"
        }
    },
    {
        "model": "main.size",
        "pk": 5,
        "fields": {
            "size": "37.0"
        }
    },
    {
        "model": "main.size",
        "pk": 6,
        "fields": {
            "size": "38.5"
        }
    },
    {
        "model": "main.size",
        "pk": 7,
        "fields": {
            "size": "39.5"
        }
    },
    {
        "model": "main.size",
        "pk": 8,
        "fields": {
            "size": "40.0"
        }
    },
    {
        "model": "main.size",
        "pk": 9,
        "fields": {
            "size": "36.0"
        }
    },
    {
        "model": "main.size",
        "pk": 10,
        "fields": {
            "size": "36.5"
        }
    },
    {
        "model": "main.sneaker",
        "pk": 7,
        "fields": {
            "brand": "New Balance",
            "name": "1906R",
            "slug": "new-balance-1906r",
            "category": 1,
            "color": 1,
            "available": true,
            "image": "images20250903/nb1906r.jpg",
            "description": "The upper of the New Balance 1906 sneakers is made of mesh fabric with faux leather inserts. The rubber sole includes a midsole with ABZORB technology, which absorbs shock and easily regains its shape, and a special insert under the heel that increases elasticity and is highly wear-resistant. This versatile, high-tech model is ready to conquer the city streets and go beyond.",
            "price": "290.00",
            "created": "2025-09-03T12:11:50.972Z"
        }
    },
    {
        "model": "main.sneaker",
        "pk": 8,
        "fields": {
            "brand": "The North Face",
            "name": "Hedgehog 06",
            "slug": "the-north-face-hedgehog-06",
            "category": 2,
            "color": 2,
            "available": true,
            "image": "images20250903/northfhd.jpg",
            "description": "The North Face Hedgehog 06 sneakers are made of genuine suede and textile. The reinforced toe cap provides additional protection from external influences. Lacing with metal eyelets allows you to adjust the fit to suit your needs. The soft, perforated tongue ensures air circulation. The Vibram sole with a grippy tread minimizes slipping and adds confidence to every step.",
            "price": "180.00",
            "created": "2025-09-03T12:20:12.862Z"
        }
    },
    {
        "model": "main.sneaker",
        "pk": 11,
        "fields": {
            "brand": "Nike",
            "name": "Dunk Low Retro",
            "slug": "nike-dunk-low-retro",
            "category": 2,
            "color": 4,
            "available": true,
            "image": "images20250913/Nike_Dunk_Low_Retro.jpg",
            "description": "Designed for basketball players but beloved by street style enthusiasts, the Nike Dunk Low Retro sneakers are back with durable overlays in classic colors. This 80s basketball model features a genuine and synthetic leather upper with perforations on the toe box for active air circulation. Lacing with additional eyelets allows you to adjust the fit. The rubber sole with a grippy tread minimizes slippage and makes every step more confident.",
            "price": "220.00",
            "created": "2025-09-13T18:45:40.642Z"
        }
    },
    {
        "model": "main.sneaker",
        "pk": 13,
        "fields": {
            "brand": "New Balance",
            "name": "860",
            "slug": "new-balance-860",
            "category": 2,
            "color": 1,
            "available": true,
            "image": "images20250921/new-balanve-860.jpg",
            "description": "The New Balance 860 sneakers are designed for running and active training. The upper is made of mesh fabric with synthetic leather inserts. The lacing system with additional eyelets allows for a tighter fit. A special N-ERGY insert under the heel absorbs shock. ABZORB technology provides good cushioning. Stability Web technology under the arch of the foot provides comfortable support. The rubber sole is complemented by a grippy tread that minimizes slipping on any surface.",
            "price": "199.90",
            "created": "2025-09-21T13:10:12.194Z"
        }
    },
    {
        "model": "main.sneaker",
        "pk": 14,
        "fields": {
            "brand": "Puma",
            "name": "Mostro XC GORE-TEX",
            "slug": "puma-mostro-xc-gore-tex",
            "category": 1,
            "color": 5,
            "available": true,
            "image": "images20250921/puma-mostro-xc-gore-tex.jpg",
            "description": "Mostro comes from the Italian word for monster and is a hybrid model that combines two different styles: spiked sneakers for sprinting from the 60s and surfing shoes from the 80s. This version of the PUMA Mostro XC GORE-TEX sneakers is inspired by the outdoors and active recreation outside the city. GORE-TEX membrane technology protects your feet from moisture. The sole is made of durable and flexible TPU and rubber, complemented by a textured tread for traction.\r\n\r\nTranslated with DeepL.com (free version)",
            "price": "210.99",
            "created": "2025-09-21T13:12:34.872Z"
        }
    },
    {
        "model": "main.sneaker",
        "pk": 15,
        "fields": {
            "brand": "Jordan",
            "name": "Spizike Low",
            "slug": "jordan-spizike-low",
            "category": 3,
            "color": 6,
            "available": true,
            "image": "images20250921/jordan-spizike-low.jpg",
            "description": "The Jordan Spizike Low men's sneakers pay tribute to Spike Lee's contribution to the cultural influence of basketball in Hollywood. The pair combines style and technology that complement each other perfectly. The upper is made from a blend of genuine and synthetic leather. The lace lock allows for a tighter fit. Nike Air technology provides enhanced cushioning. The solid rubber outsole creates a secure grip on the surface.\r\n\r\nTranslated with DeepL.com (free version)",
            "price": "290.00",
            "created": "2025-09-21T13:15:25.941Z"
        }
    },
    {
        "model": "main.sneaker",
        "pk": 16,
        "fields": {
            "brand": "New Balance",
            "name": "Warped Runner",
            "slug": "new-balance-warped-runner",
            "category": 1,
            "color": 3,
            "available": true,
            "image": "images20250921/new-balanve-warped-runner.jpg",
            "description": "Sneakers from New Balance's flagship line  the WRPD Runner model. The most striking detail of this pair is the sole. It combines running technology and retro aesthetics with legendary design. FuelCell technology provides enhanced cushioning and energy return during movement. The textile upper with suede inserts allows your feet to breathe. A soft insole adds comfort. The outsole with tread provides traction.",
            "price": "250.00",
            "created": "2025-09-21T13:19:43.951Z"
        }
    },
    {
        "model": "main.sneaker",
        "pk": 17,
        "fields": {
            "brand": "Puma",
            "name": "PUMA CA Pro Classic II",
            "slug": "puma-puma-ca-pro-classic-ii",
            "category": 2,
            "color": 4,
            "available": true,
            "image": "images20250921/PUMA_CA_Pro_Classic_II.jpg",
            "description": "The PUMA CA Pro Classic II sneakers retain their California vibe. The upper is made of soft genuine leather. Perforations on the toe box actively circulate air. Lacing with additional holes ensures a snug fit. The midsole effectively absorbs shock and provides comfort. The rubber outsole is complemented by a grippy tread.",
            "price": "150.00",
            "created": "2025-09-21T13:23:02.708Z"
        }
    },
    {
        "model": "main.sneaker",
        "pk": 18,
        "fields": {
            "brand": "Nike",
            "name": "Nike Full Force Low",
            "slug": "nike-nike-full-force-low",
            "category": 3,
            "color": 5,
            "available": true,
            "image": "images20250921/Nike_Full_Force_Low.jpg",
            "description": "The Nike Full Force Low sneakers take us back to the classic AF1 model with the addition of 80s style and retro stitching, making this pair timeless. The upper is made from a combination of genuine and synthetic leather. The perforated toe box provides additional air circulation. The foam midsole ensures softness and responsiveness with every step. The rubber outsole provides reliable traction on any surface.",
            "price": "160.00",
            "created": "2025-09-21T13:24:11.337Z"
        }
    },
    {
        "model": "main.sneaker",
        "pk": 19,
        "fields": {
            "brand": "Puma",
            "name": "Speedcat Leather",
            "slug": "puma-speedcat-leather",
            "category": 4,
            "color": 5,
            "available": true,
            "image": "images20250921/PUMA_Speedcat_Leather.jpg",
            "description": "The iconic PUMA Speedcat Leather model, inspired by Formula 1 racing. The upper is made of genuine leather. The IMEVA sole provides excellent cushioning, adding softness and comfort with every step. The rubber outsole with tread minimizes slippage and adds confidence on any surface.",
            "price": "149.99",
            "created": "2025-09-21T13:26:20.038Z"
        }
    },
    {
        "model": "main.sneaker",
        "pk": 20,
        "fields": {
            "brand": "Adidas",
            "name": "Intimidation Low",
            "slug": "adidas-intimidation-low",
            "category": 3,
            "color": 3,
            "available": true,
            "image": "images20250921/adidas_Intimidation_Low.jpg",
            "description": "The adidas Intimidation Low sneakers are a pair with a unique and dynamic design from the basketball archives of the 90s. The upper is made of textile with a frame of durable materials. Additional eyelets on the laces allow you to adjust the fit. adiPRENE technology protects your feet from stress and provides enhanced cushioning. The grippy tread on the rubber sole adds confidence to every step.",
            "price": "200.00",
            "created": "2025-09-21T13:28:39.485Z"
        }
    },
    {
        "model": "main.sneaker",
        "pk": 21,
        "fields": {
            "brand": "Nike",
            "name": "Zoom Vomero 5",
            "slug": "nike-zoom-vomero-5",
            "category": 2,
            "color": 1,
            "available": true,
            "image": "images20250921/Nike_Zoom_Vomero_5.jpg",
            "description": "The upper of the Nike Zoom Vomero 5 sneakers is made of mesh fabric with durable and flexible PU inserts for extra foot support. Zoom Air cushioning ensures a light and confident stride. The rubber sole is complemented by a pronounced tread pattern that provides reliable traction.",
            "price": "250.00",
            "created": "2025-09-21T13:30:30.143Z"
        }
    },
    {
        "model": "main.sneaker",
        "pk": 22,
        "fields": {
            "brand": "Puma",
            "name": "Morphic Retro",
            "slug": "puma-morphic-retro",
            "category": 3,
            "color": 7,
            "available": true,
            "image": "images20250921/PUMA_Morphic_Retro.jpg",
            "description": "A true retro runner with a modern twist from PUMA. The Morphic Retro is made partly from recycled materials. Mesh inserts allow for good airflow. Multiple lace holes allow you to adjust the fit. The layered upper is complemented by a cushioned sole with a grippy outsole.",
            "price": "149.99",
            "created": "2025-09-21T13:42:57.704Z"
        }
    },
    {
        "model": "main.sneaker",
        "pk": 23,
        "fields": {
            "brand": "Adidas",
            "name": "Adizero Aruku",
            "slug": "adidas-adizero-aruku",
            "category": 1,
            "color": 5,
            "available": true,
            "image": "images20250921/adidas_Adizero_Aruku.jpg",
            "description": "",
            "price": "209.89",
            "created": "2025-09-21T13:49:18.691Z"
        }
    },
    {
        "model": "main.sneakersize",
        "pk": 15,
        "fields": {
            "sneaker": 7,
            "size": 1,
            "available": true,
            "amount": 2
        }
    },
    {
        "model": "main.sneakersize",
        "pk": 16,
        "fields": {
            "sneaker": 7,
            "size": 5,
            "available": true,
            "amount": 1
        }
    },
    {
        "model": "main.sneakersize",
        "pk": 17,
        "fields": {
            "sneaker": 7,
            "size": 8,
            "available": true,
            "amount": 3
        }
    },
    {
        "model": "main.sneakersize",
        "pk": 18,
        "fields": {
            "sneaker": 8,
            "size": 4,
            "available": true,
            "amount": 5
        }
    },
    {
        "model": "main.sneakersize",
        "pk": 19,
        "fields": {
            "sneaker": 8,
            "size": 7,
            "available": true,
            "amount": 2
        }
    },
    {
        "model": "main.sneakersize",
        "pk": 20,
        "fields": {
            "sneaker": 8,
            "size": 9,
            "available": true,
            "amount": 1
        }
    },
    {
        "model": "main.sneakersize",
        "pk": 21,
        "fields": {
            "sneaker": 11,
            "size": 9,
            "available": true,
            "amount": 1
        }
    },
    {
        "model": "main.sneakersize",
        "pk": 22,
        "fields": {
            "sneaker": 11,
            "size": 7,
            "available": true,
            "amount": 3
        }
    },
    {
        "model": "main.sneakersize",
        "pk": 23,
        "fields": {
            "sneaker": 11,
            "size": 1,
            "available": true,
            "amount": 3
        }
    },
    {
        "model": "main.sneakersize",
        "pk": 24,
        "fields": {
            "sneaker": 11,
            "size": 3,
            "available": true,
            "amount": 1
        }
    },
    {
        "model": "main.sneakersize",
        "pk": 25,
        "fields": {
            "sneaker": 13,
            "size": 1,
            "available": true,
            "amount": 4
        }
    },
    {
        "model": "main.sneakersize",
        "pk": 26,
        "fields": {
            "sneaker": 13,
            "size": 7,
            "available": true,
            "amount": 4
        }
    },
    {
        "model": "main.sneakersize",
        "pk": 27,
        "fields": {
            "sneaker": 13,
            "size": 10,
            "available": true,
            "amount": 1
        }
    },
    {
        "model": "main.sneakersize",
        "pk": 28,
        "fields": {
            "sneaker": 14,
            "size": 1,
            "available": true,
            "amount": 1
        }
    },
    {
        "model": "main.sneakersize",
        "pk": 29,
        "fields": {
            "sneaker": 14,
            "size": 8,
            "available": true,
            "amount": 4
        }
    },
    {
        "model": "main.sneakersize",
        "pk": 30,
        "fields": {
            "sneaker": 14,
            "size": 6,
            "available": true,
            "amount": 4
        }
    },
    {
        "model": "main.sneakersize",
        "pk": 31,
        "fields": {
            "sneaker": 15,
            "size": 1,
            "available": true,
            "amount": 1
        }
    },
    {
        "model": "main.sneakersize",
        "pk": 32,
        "fields": {
            "sneaker": 15,
            "size": 6,
            "available": true,
            "amount": 2
        }
    },
    {
        "model": "main.sneakersize",
        "pk": 33,
        "fields": {
            "sneaker": 15,
            "size": 8,
            "available": true,
            "amount": 2
        }
    },
    {
        "model": "main.sneakersize",
        "pk": 34,
        "fields": {
            "sneaker": 15,
            "size": 4,
            "available": true,
            "amount": 3
        }
    },
    {
        "model": "main.sneakersize",
        "pk": 35,
        "fields": {
            "sneaker": 16,
            "size": 8,
            "available": true,
            "amount": 1
        }
    },
    {
        "model": "main.sneakersize",
        "pk": 36,
        "fields": {
            "sneaker": 17,
            "size": 9,
            "available": true,
            "amount": 2
        }
    },
    {
        "model": "main.sneakersize",
        "pk": 37,
        "fields": {
            "sneaker": 17,
            "size": 3,
            "available": true,
            "amount": 1
        }
    },
    {
        "model": "main.sneakersize",
        "pk": 38,
        "fields": {
            "sneaker": 18,
            "size": 10,
            "available": true,
            "amount": 2
        }
    },
    {
        "model": "main.sneakersize",
        "pk": 39,
        "fields": {
            "sneaker": 18,
            "size": 7,
            "available": true,
            "amount": 1
        }
    },
    {
        "model": "main.sneakersize",
        "pk": 40,
        "fields": {
            "sneaker": 18,
            "size": 3,
            "available": true,
            "amount": 2
        }
    },
    {
        "model": "main.sneakersize",
        "pk": 41,
        "fields": {
            "sneaker": 19,
            "size": 4,
            "available": true,
            "amount": 3
        }
    },
    {
        "model": "main.sneakersize",
        "pk": 42,
        "fields": {
            "sneaker": 19,
            "size": 4,
            "available": true,
            "amount": 4
        }
    },
    {
        "model": "main.sneakersize",
        "pk": 43,
        "fields": {
            "sneaker": 19,
            "size": 5,
            "available": true,
            "amount": 2
        }
    },
    {
        "model": "main.sneakersize",
        "pk": 44,
        "fields": {
            "sneaker": 20,
            "size": 1,
            "available": true,
            "amount": 2
        }
    },
    {
        "model": "main.sneakersize",
        "pk": 45,
        "fields": {
            "sneaker": 21,
            "size": 9,
            "available": true,
            "amount": 1
        }
    },
    {
        "model": "main.sneakersize",
        "pk": 46,
        "fields": {
            "sneaker": 21,
            "size": 4,
            "available": true,
            "amount": 2
        }
    },
    {
        "model": "main.sneakersize",
        "pk": 47,
        "fields": {
            "sneaker": 21,
            "size": 8,
            "available": true,
            "amount": 4
        }
    },
    {
        "model": "main.sneakersize",
        "pk": 48,
        "fields": {
            "sneaker": 22,
            "size": 3,
            "available": true,
            "amount": 2
        }
    },
    {
        "model": "main.sneakersize",
        "pk": 49,
        "fields": {
            "sneaker": 22,
            "size": 8,
            "available": true,
            "amount": 4
        }
    },
    {
        "model": "main.sneakersize",
        "pk": 50,
        "fields": {
            "sneaker": 22,
            "size": 6,
            "available": true,
            "amount": 3
        }
    },
    {
        "model": "main.sneakersize",
        "pk": 51,
        "fields": {
            "sneaker": 22,
            "size": 1,
            "available": true,
            "amount": 3
        }
    },
    {
        "model": "main.sneakersize",
        "pk": 52,
        "fields": {
            "sneaker": 23,
            "size": 1,
            "available": true,
            "amount": 1
        }
    },
    {
        "model": "main.sneakersize",
        "pk": 53,
        "fields": {
            "sneaker": 23,
            "size": 3,
            "available": true,
            "amount": 1
        }
    },
    {
        "model": "main.sneakersize",
        "pk": 54,
        "fields": {
            "sneaker": 23,
            "size": 4,
            "available": true,
            "amount": 1
        }
    },
    {
        "model": "main.sneakersize",
        "pk": 55,
        "fields": {
            "sneaker": 23,
            "size": 5,
            "available": true,
            "amount": 1
        }
    },
    {
        "model": "main.sneakersize",
        "pk": 56,
        "fields": {
            "sneaker": 23,
            "size": 6,
            "available": true,
            "amount": 1
        }
    },
    {
        "model": "order.order",
        "pk": 1,
        "fields": {
            "phone": "+79827028224",
            "name": "Sofya Surovneva",
            "email": "mmn@mmn.mn",
            "created": "2025-09-20T13:01:42.018Z",
            "paid": false
        }
    },
    {
        "model": "order.order",
        "pk": 2,
        "fields": {
            "phone": "+79827028224",
            "name": "Sofya Surovneva",
            "email": "mmn@mmn.mn",
            "created": "2025-09-21T12:32:26.435Z",
            "paid": false
        }
    },
    {
        "model": "order.order",
        "pk": 3,
        "fields": {
            "phone": "+79827028224",
            "name": "Sofya Surovneva",
            "email": "sds@mail.com",
            "created": "2025-09-21T12:55:55.972Z",
            "paid": false
        }
    },
    {
        "model": "order.order",
        "pk": 4,
        "fields": {
            "phone": "+79827028224",
            "name": "Sofya Surovneva",
            "email": "ssurovneva@mail.ru",
            "created": "2025-09-21T14:16:51.532Z",
            "paid": false
        }
    }
]